	gamma	___LP	___LS	_avgFF_LP	_avgFF_LS	_contextSim_LP	_contextSim_LS	_+_cos__LP	_+_cos__LS	_+_cosavgFF_LP	_+_cosavgFF_LS	_+_coscontextSim_LP	_+_coscontextSim_LS
0	0.5	0.506564551422	0.506564551422	0.506564551422	0.506564551422	0.506564551422	0.506564551422	0.506564551422	0.506564551422	0.506564551422	0.506564551422	0.506564551422	0.506564551422
1	1.0	0.506564551422	0.506564551422	0.506564551422	0.506564551422	0.506564551422	0.506564551422	0.506564551422	0.506564551422	0.506564551422	0.506564551422	0.506564551422	0.506564551422
2	5.0	0.506564551422	0.506564551422	0.506564551422	0.506564551422	0.506564551422	0.506564551422	0.526258205689	0.515317286652	0.505470459519	0.505470459519	0.505470459519	0.506564551422
3	10.0	0.506564551422	0.506564551422	0.506564551422	0.506564551422	0.506564551422	0.506564551422	0.864332603939	0.543763676149	0.510940919037	0.505470459519	0.506564551422	0.506564551422
4	20.0	0.506564551422	0.506564551422	0.506564551422	0.506564551422	0.506564551422	0.506564551422	0.710065645514	0.564551422319	0.695842450766	0.506564551422	0.539387308534	0.506564551422
5	50.0	0.536105032823	0.509846827133	0.536105032823	0.507658643326	0.536105032823	0.507658643326	0.834792122538	0.597374179431	0.871991247265	0.752735229759	0.754923413567	0.521881838074
6	100.0	0.776805251641	0.865426695842	0.776805251641	0.69693654267	0.776805251641	0.597374179431	0.733041575492	0.745076586433	0.840262582057	0.841356673961	0.836980306346	0.740700218818
