	gamma	___LP	___LS	_avgFF_LP	_avgFF_LS	_contextSim_LP	_contextSim_LS	_+_cos__LP	_+_cos__LS	_+_cosavgFF_LP	_+_cosavgFF_LS	_+_coscontextSim_LP	_+_coscontextSim_LS
0	0.5	0.548717948718	0.548717948718	0.548717948718	0.548717948718	0.548717948718	0.548717948718	0.548717948718	0.548717948718	0.548717948718	0.548717948718	0.548717948718	0.548717948718
1	1.0	0.548717948718	0.548717948718	0.548717948718	0.548717948718	0.548717948718	0.548717948718	0.592307692308	0.576923076923	0.592307692308	0.576923076923	0.592307692308	0.576923076923
2	5.0	0.623076923077	0.574358974359	0.623076923077	0.574358974359	0.623076923077	0.574358974359	0.897435897436	0.889743589744	0.897435897436	0.889743589744	0.897435897436	0.889743589744
3	10.0	0.861538461538	0.846153846154	0.861538461538	0.846153846154	0.861538461538	0.846153846154	0.866666666667	0.84358974359	0.866666666667	0.84358974359	0.866666666667	0.84358974359
4	20.0	0.864102564103	0.864102564103	0.864102564103	0.864102564103	0.864102564103	0.864102564103	0.841025641026	0.789743589744	0.841025641026	0.789743589744	0.841025641026	0.789743589744
5	50.0	0.848717948718	0.817948717949	0.848717948718	0.817948717949	0.848717948718	0.817948717949	0.833333333333	0.771794871795	0.833333333333	0.771794871795	0.833333333333	0.771794871795
6	100.0	0.846153846154	0.802564102564	0.846153846154	0.802564102564	0.846153846154	0.802564102564	0.833333333333	0.774358974359	0.833333333333	0.774358974359	0.833333333333	0.774358974359
